Workbook

Sheet Sheet1
B1: o | C1: Ko | D1: Mo | E1: Go | F1: Libre | G1: total
A2: Musique | C2: =B2/1024 | D2: =C2/1024 | E2: =D2/1024 | F2: =G2-E2 | G2: 280
A3: graphiques | B3: =Graphiques!B19 | C3: =B3/1024 | D3: =C3/1024 | E3: =D3/1024 | F3: =G3-E3 | G3: 500
A4: Code/ appli | B4: ='Code, appli'!B40 | C4: =B4/1024 | D4: =C4/1024 | E4: =D4/1024 | F4: =G4-E4 | G4: 400
A5: Gestion | B5: =Gestion!$B$19 | C5: =B5/1024 | D5: =C5/1024 | E5: =D5/1024 | F5: =G5-E5 | G5: 20
A6: Total | B6: =SUM(B2:B5) | C6: =SUM(C2:C5) | D6: =SUM(D2:D5) | E6: =SUM(E2:E5) | F6: =SUM(F2:F5) | G6: =SUM(G2:G5)

Sheet Code, appli
B1: o | C1: Ko | D1: Mo | E1: Go
A2: =Feuil1!A2 | B2: =Feuil1!D2 | C2: =B2/1024 | D2: =C2/1024 | E2: =D2/1024
A3: =Feuil1!A3 | B3: =Feuil1!D3 | C3: =B3/1024 | D3: =C3/1024 | E3: =D3/1024
A4: =Feuil1!A4 | B4: =Feuil1!D4 | C4: =B4/1024 | D4: =C4/1024 | E4: =D4/1024
A5: =Feuil1!A5 | B5: =Feuil1!D5 | C5: =B5/1024 | D5: =C5/1024 | E5: =D5/1024
A6: =Feuil1!A6 | B6: =Feuil1!D6 | C6: =B6/1024 | D6: =C6/1024 | E6: =D6/1024
A7: =Feuil1!A7 | B7: =Feuil1!D7 | C7: =B7/1024 | D7: =C7/1024 | E7: =D7/1024
A8: =Feuil1!A8 | B8: =Feuil1!D8 | C8: =B8/1024 | D8: =C8/1024 | E8: =D8/1024
A9: =Feuil1!A9 | B9: =Feuil1!D9 | C9: =B9/1024 | D9: =C9/1024 | E9: =D9/1024
A10: =Feuil1!A10 | B10: =Feuil1!D10 | C10: =B10/1024 | D10: =C10/1024 | E10: =D10/1024
A11: =Feuil1!A11 | B11: =Feuil1!D11 | C11: =B11/1024 | D11: =C11/1024 | E11: =D11/1024
A12: =Feuil1!A12 | B12: =Feuil1!D12 | C12: =B12/1024 | D12: =C12/1024 | E12: =D12/1024
A13: =Feuil1!A13 | B13: =Feuil1!D13 | C13: =B13/1024 | D13: =C13/1024 | E13: =D13/1024
... A31: =Feuil1!A31 | B31: =Feuil1!D31 | C31: =B31/1024 | D31: =C31/1024 | E31: =D31/1024
A33: =Dossiers!A2 | B33: =Dossiers!C2 | C33: =B33/1024 | D33: =C33/1024 | E33: =D33/1024
A34: =Dossiers!A3 | B34: =Dossiers!C3 | C34: =B34/1024 | D34: =C34/1024 | E34: =D34/1024
A35: =Dossiers!A4 | B35: =Dossiers!C4 | C35: =B35/1024 | D35: =C35/1024 | E35: =D35/1024
A36: =Dossiers!A5 | B36: =Dossiers!C5 | C36: =B36/1024 | D36: =C36/1024 | E36: =D36/1024
A37: =Dossiers!A6 | B37: =Dossiers!C6 | C37: =B37/1024 | D37: =C37/1024 | E37: =D37/1024
A38: =Dossiers!A7 | B38: =Dossiers!C7 | C38: =B38/1024 | D38: =C38/1024 | E38: =D38/1024
C39: =B39/1024 | D39: =C39/1024 | E39: =D39/1024
A40: Total | B40: =SUM(B2:B39) | C40: =B40/1024 | D40: =C40/1024 | E40: =D40/1024

Sheet Graphiques
B1: o | C1: Ko | D1: Mo | E1: Go
A2: ='Feuil1 (2)'!A32 | B2: ='Feuil1 (2)'!D32 | C2: =B2/1024 | D2: =C2/1024 | E2: =D2/1024
A3: ='Feuil1 (2)'!A33 | B3: ='Feuil1 (2)'!D33 | C3: =B3/1024 | D3: =C3/1024 | E3: =D3/1024
A4: ='Feuil1 (2)'!A34 | B4: ='Feuil1 (2)'!D34 | C4: =B4/1024 | D4: =C4/1024 | E4: =D4/1024
C5: =B5/1024 | D5: =C5/1024 | E5: =D5/1024
C6: =B6/1024 | D6: =C6/1024 | E6: =D6/1024
C7: =B7/1024 | D7: =C7/1024 | E7: =D7/1024
C8: =B8/1024 | D8: =C8/1024 | E8: =D8/1024
C9: =B9/1024 | D9: =C9/1024 | E9: =D9/1024
C10: =B10/1024 | D10: =C10/1024 | E10: =D10/1024
C11: =B11/1024 | D11: =C11/1024 | E11: =D11/1024
C12: =B12/1024 | D12: =C12/1024 | E12: =D12/1024
C13: =B13/1024 | D13: =C13/1024 | E13: =D13/1024
C14: =B14/1024 | D14: =C14/1024 | E14: =D14/1024
C15: =B15/1024 | D15: =C15/1024 | E15: =D15/1024
C16: =B16/1024 | D16: =C16/1024 | E16: =D16/1024
... C18: =B18/1024 | D18: =C18/1024 | E18: =D18/1024
A19: Total | B19: =SUM(B2:B18) | C19: =B19/1024 | D19: =C19/1024 | E19: =D19/1024

Sheet Gestion
B1: o | C1: Ko | D1: Mo | E1: Go
A2: =B | B2: ='Feuil1 (3)'!D33 | C2: =B2/1024 | D2: =C2/1024 | E2: =D2/1024
A3: ='Feuil1 (3)'!A34 | B3: ='Feuil1 (3)'!D34 | C3: =B3/1024 | D3: =C3/1024 | E3: =D3/1024
A4: ='Feuil1 (3)'!A35 | B4: ='Feuil1 (3)'!D35 | C4: =B4/1024 | D4: =C4/1024 | E4: =D4/1024
A5: ='Feuil1 (3)'!A36 | B5: ='Feuil1 (3)'!D36 | C5: =B5/1024 | D5: =C5/1024 | E5: =D5/1024
C6: =B6/1024 | D6: =C6/1024 | E6: =D6/1024
C7: =B7/1024 | D7: =C7/1024 | E7: =D7/1024
C8: =B8/1024 | D8: =C8/1024 | E8: =D8/1024
C9: =B9/1024 | D9: =C9/1024 | E9: =D9/1024
C10: =B10/1024 | D10: =C10/1024 | E10: =D10/1024
C11: =B11/1024 | D11: =C11/1024 | E11: =D11/1024
C12: =B12/1024 | D12: =C12/1024 | E12: =D12/1024
C13: =B13/1024 | D13: =C13/1024 | E13: =D13/1024
C14: =B14/1024 | D14: =C14/1024 | E14: =D14/1024
C15: =B15/1024 | D15: =C15/1024 | E15: =D15/1024
C16: =B16/1024 | D16: =C16/1024 | E16: =D16/1024
C17: =B17/1024 | D17: =C17/1024 | E17: =D17/1024
C18: =B18/1024 | D18: =C18/1024 | E18: =D18/1024
A19: Total | B19: =SUM(B2:B18) | C19: =B19/1024 | D19: =C19/1024 | E19: =D19/1024

Sheet Fichiers
A1: Nom | B1: Extension | C1: Chemin | D1: Taille (o)
A2: jet_de_des.py | B2: .py | C2: E:\Projetpython\jet_de_des.py | D2: 99
A3: debugger.py | B3: .py | C3: E:\Projetpython\debugger.py | D3: 7126
A4: main.py | B4: .py | C4: E:\Projetpython\main.py | D4: 41317
A5: Secure_save.py | B5: .py | C5: E:\Projetpython\Secure_save.py | D5: 6057
A6: debug.log | B6: .log | C6: E:\Projetpython\debug.log | D6: 30624
A7: idée.txt | B7: .txt | C7: E:\Projetpython\idée.txt | D7: 181
A8: generate_map.py | B8: .py | C8: E:\Projetpython\generate_map.py | D8: 2680
A9: Tests.py | B9: .py | C9: E:\Projetpython\Tests.py | D9: 569
A10: table_de_conversion.py | B10: .py | C10: E:\Projetpython\table_de_conversion.py | D10: 4490
A11: echecs.json | B11: .json | C11: E:\Projetpython\echecs.json | D11: 3462
A12: fuseaux_horaires.json | B12: .json | C12: E:\Projetpython\fuseaux_horaires.json | D12: 52224
A13: indicateurs_telephoniques.json | B13: .json | C13: E:\Projetpython\indicateurs_telephoniques.json | D13: 14930
... A38: tableauThe last signal.xmind | B38: .xmind | C38: E:\Projetpython\Gestion\tableauThe last signal.xmind | D38: 174626

Sheet Feuil1
A1: =Fichiers!A1 | B1: =Fichiers!B1 | C1: =Fichiers!C1 | D1: =Fichiers!D1
A2: =Fichiers!A2 | B2: =Fichiers!B2 | C2: =Fichiers!C2 | D2: =Fichiers!D2
A3: =Fichiers!A3 | B3: =Fichiers!B3 | C3: =Fichiers!C3 | D3: =Fichiers!D3
A4: =Fichiers!A4 | B4: =Fichiers!B4 | C4: =Fichiers!C4 | D4: =Fichiers!D4
A5: =Fichiers!A5 | B5: =Fichiers!B5 | C5: =Fichiers!C5 | D5: =Fichiers!D5
A6: =Fichiers!A6 | B6: =Fichiers!B6 | C6: =Fichiers!C6 | D6: =Fichiers!D6
A7: =Fichiers!A7 | B7: =Fichiers!B7 | C7: =Fichiers!C7 | D7: =Fichiers!D7
A8: =Fichiers!A8 | B8: =Fichiers!B8 | C8: =Fichiers!C8 | D8: =Fichiers!D8
A9: =Fichiers!A9 | B9: =Fichiers!B9 | C9: =Fichiers!C9 | D9: =Fichiers!D9
A10: =Fichiers!A10 | B10: =Fichiers!B10 | C10: =Fichiers!C10 | D10: =Fichiers!D10
A11: =Fichiers!A11 | B11: =Fichiers!B11 | C11: =Fichiers!C11 | D11: =Fichiers!D11
A12: =Fichiers!A12 | B12: =Fichiers!B12 | C12: =Fichiers!C12 | D12: =Fichiers!D12
... A34: =Fichiers!A34 | B34: =Fichiers!B34 | C34: =Fichiers!C34 | D34: =Fichiers!D34

Sheet Feuil1 (3)
A1: =Fichiers!A1 | B1: =Fichiers!B1 | C1: =Fichiers!C1 | D1: =Fichiers!D1
A2: =Fichiers!A2 | B2: =Fichiers!B2 | C2: =Fichiers!C2 | D2: =Fichiers!D2
A3: =Fichiers!A3 | B3: =Fichiers!B3 | C3: =Fichiers!C3 | D3: =Fichiers!D3
A4: =Fichiers!A4 | B4: =Fichiers!B4 | C4: =Fichiers!C4 | D4: =Fichiers!D4
A5: =Fichiers!A5 | B5: =Fichiers!B5 | C5: =Fichiers!C5 | D5: =Fichiers!D5
A6: =Fichiers!A6 | B6: =Fichiers!B6 | C6: =Fichiers!C6 | D6: =Fichiers!D6
A7: =Fichiers!A7 | B7: =Fichiers!B7 | C7: =Fichiers!C7 | D7: =Fichiers!D7
A8: =Fichiers!A8 | B8: =Fichiers!B8 | C8: =Fichiers!C8 | D8: =Fichiers!D8
A9: =Fichiers!A9 | B9: =Fichiers!B9 | C9: =Fichiers!C9 | D9: =Fichiers!D9
A10: =Fichiers!A10 | B10: =Fichiers!B10 | C10: =Fichiers!C10 | D10: =Fichiers!D10
A11: =Fichiers!A11 | B11: =Fichiers!B11 | C11: =Fichiers!C11 | D11: =Fichiers!D11
A12: =Fichiers!A12 | B12: =Fichiers!B12 | C12: =Fichiers!C12 | D12: =Fichiers!D12
... A66: =Fichiers!A66 | B66: =Fichiers!B66 | C66: =Fichiers!C66 | D66: =Fichiers!D66

Sheet Feuil1 (2)
A1: Nom | B1: Extension | C1: Chemin | D1: Taille (o)
A2: jet_de_des.py | B2: .py | C2: E:\Projetpython\jet_de_des.py | D2: 99
A3: debugger.py | B3: .py | C3: E:\Projetpython\debugger.py | D3: 7126
A4: main.py | B4: .py | C4: E:\Projetpython\main.py | D4: 39908
A5: Secure_save.py | B5: .py | C5: E:\Projetpython\Secure_save.py | D5: 6130
A6: debug.log | B6: .log | C6: E:\Projetpython\debug.log | D6: 26982
A7: idée.txt | B7: .txt | C7: E:\Projetpython\idée.txt | D7: 181
A8: generate_map.py | B8: .py | C8: E:\Projetpython\generate_map.py | D8: 2680
A9: Tests.py | B9: .py | C9: E:\Projetpython\Tests.py | D9: 462
A10: table_de_conversion.py | B10: .py | C10: E:\Projetpython\table_de_conversion.py | D10: 4490
A11: echecs.json | B11: .json | C11: E:\Projetpython\echecs.json | D11: 3461
A12: fuseaux_horaires.json | B12: .json | C12: E:\Projetpython\fuseaux_horaires.json | D12: 52224
A13: indicateurs_telephoniques.json | B13: .json | C13: E:\Projetpython\indicateurs_telephoniques.json | D13: 14930
... A38: tableauThe last signal.xmind | B38: .xmind | C38: E:\Projetpython\Gestion\tableauThe last signal.xmind | D38: 174626

Sheet Dossiers
A1: Nom | B1: Chemin | C1: Taille (o) | D1: Nombre de fichiers
A2: saves | B2: E:\Projetpython\saves | C2: 91301 | D2: 8
A3: .venv | B3: E:\Projetpython\.venv | C3: 9693332 | D3: 756
A4: __pycache__ | B4: E:\Projetpython\__pycache__ | C4: 154106 | D4: 15
A5: .idea | B5: E:\Projetpython\.idea | C5: 4155 | D5: 7
A6: PyCharmCommunity | B6: E:\PyCharmCommunity | C6: 2671917477 | D6: 9926
A7: Winpython | B7: E:\Winpython | C7: 5620385853 | D7: 155317
A8: winpython | B8: E:\Winpython\WPy64-31241\python-3.12.4.amd64\Lib\site-packages\winpython | C8: 297194 | D8: 16
